<?xml version="1.0" encoding="UTF-8"?>
<beans xmlns="http://www.springframework.org/schema/beans" xmlns:xsi="http://www.w3.org/2001/XMLSchema-instance"
	xmlns:mvc="http://www.springframework.org/schema/mvc" xmlns:context="http://www.springframework.org/schema/context"
	xsi:schemaLocation="http://www.springframework.org/schema/mvc http://www.springframework.org/schema/mvc/spring-mvc-4.3.xsd
		http://www.springframework.org/schema/beans http://www.springframework.org/schema/beans/spring-beans.xsd
		http://www.springframework.org/schema/context http://www.springframework.org/schema/context/spring-context-4.3.xsd"
>

	<mvc:default-servlet-handler/>
<!-- 	<mvc:view-controller path="/" view-name="main"/> -->
	<mvc:annotation-driven/>
	
	<mvc:interceptors>
		<mvc:interceptor>
			<mvc:mapping path="/**"/>
			<mvc:exclude-mapping path="/css/**"/>
			<mvc:exclude-mapping path="/image/**"/>
			<mvc:exclude-mapping path="/js/**"/>
			<bean class="com.itwill.littlecinema.controller.intercepter.AuthLoginAnnotationInterceptor"/>
		</mvc:interceptor>
	</mvc:interceptors>
	
	<context:component-scan base-package="com.itwill.littlecinema.controller"/>	
	<bean class="org.springframework.web.servlet.view.InternalResourceViewResolver">
		<property name="prefix" value="/WEB-INF/views/"/>
		<property name="suffix" value=".jsp"/>
	</bean>
	
</beans>
