<?xml version="1.0" encoding="UTF-8"?>
<!DOCTYPE mapper PUBLIC "-//mybatis.org//DTD Mapper 3.0//EN" "http://mybatis.org/dtd/mybatis-3-mapper.dtd">
<mapper namespace="mapper.BookedSeatMapper">
	
	<resultMap type="com.itwill.littlecinema.domain.BookedSeat" id="bookseat">
		<association property="ticket" javaType="com.itwill.littlecinema.domain.Ticket">
			<id property="ticketNo" column="ticket_no"/>
			<result property="payCost" column="payCost" />
			<result property="orderDate" column="orderDate" />
			<result property="ticketStatus" column="ticketStatus" />
			<association property="member" javaType="com.itwill.littlecinema.domain.Member">
				<id property="id" column="id"/>
			</association>
			<association property="time" javaType="com.itwill.littlecinema.domain.Time">
				<id property="timeCode" column="time_code"/>
			</association>
		</association>
		<association property="seat" javaType="com.itwill.littlecinema.domain.Seat">
			<id property="seatCode" column="seat_code"/>
			<association property="screen" javaType="com.itwill.littlecinema.domain.Screen">
				<id property="screenNo" column="screen_no"/>
				<result property="screenName" column="screen_name" />
			</association>
		</association>
	</resultMap>
	
	<insert id="insertBookedSeat" parameterType="com.itwill.littlecinema.domain.BookedSeat">
		INSERT INTO BOOKED_SEAT(TICKET_NO, SEAT_CODE, SCREEN_NO)
		VALUES(#{ticket.ticketNo}, #{seat.seatCode}, #{seat.screen.screenNo})
	</insert>
	
	<select id="selectByTimeCode" parameterType="int" resultMap="bookseat">
		SELECT BS.*, S.SCREEN_NAME
		FROM TICKET            T
		INNER JOIN BOOKED_SEAT BS
		           ON T.TICKET_NO = BS.TICKET_NO
		INNER JOIN SCREEN      S
		           ON S.SCREEN_NO = BS.SCREEN_NO
		WHERE TIME_CODE = #{timeCode}
	</select>
	
	<select id="selectByTime" parameterType="com.itwill.littlecinema.domain.Time" resultMap="bookseat">
		SELECT SEAT_CODE
		FROM BOOKED_SEAT  BS
		INNER JOIN TICKET T
		           ON T.TICKET_NO = BS.TICKET_NO
		WHERE BS.SCREEN_NO = #{screen.screenNo} AND T.TIME_CODE = #{timeCode}
	</select>
	
	<select id="selectBySeatCodeList" parameterType="int" resultMap="bookseat"> 
		SELECT SEAT_CODE FROM SEAT 
		WHERE SCREEN_NO = (SELECT SCREEN_NO FROM TIME WHERE TIME_CODE = #{time_Code})
	</select>
	
	<select id="selectByTicketNo" parameterType="int" resultMap="bookseat"> 
		SELECT * FROM BOOKED_SEAT WHERE TICKET_NO = #{ticketNo}
	</select>
	
	<delete id="deleteByTicketNo" parameterType="int">
		DELETE FROM BOOKED_SEAT WHERE TICKET_NO = #{ticketNo}
	</delete>
</mapper>